question,slug,category,subcategory,experienceLevel,difficulty,interviewType,shortDescription,explanation,sampleAnswer,keyPoints,commonMistakes,followUpQuestions,tags,seoTitle,seoDescription,isPublished
"How would you design a maintainable software service?",software-developer-maintainable-service,Software Developer,Software Developer,MID_LEVEL,MEDIUM,TECHNICAL,"Explain your approach to reliable and maintainable service design.","This tests architecture judgment, communication, and awareness of operational trade-offs.","I would clarify requirements, separate responsibilities, define interfaces, add tests, and make observability part of the design. I would choose the simplest architecture that meets the expected scale and document the trade-offs.","Clarify requirements|Separate responsibilities|Test important behavior|Plan observability","Starting with tools instead of requirements|Ignoring operations|Overengineering early","How would you handle a sudden increase in traffic?|What would you monitor after release?","architecture|reliability|software",How to Design a Maintainable Software Service,"Learn a practical approach to explaining maintainable service design in an interview.",true
"How do you improve performance in an Android application?",android-developer-performance,Android Developer,Android Developer,MID_LEVEL,MEDIUM,TECHNICAL,"Explain how you measure and improve Android performance.","Interviewers want a measured approach covering rendering, network, memory, and lifecycle behavior.","I would reproduce the issue, profile the slow path, and check rendering, network calls, memory pressure, and lifecycle work. I would make one focused change, measure again, and add a regression check.","Measure first|Use profiling tools|Consider lifecycle behavior|Verify the improvement","Guessing without profiling|Optimizing only startup|Ignoring low-end devices","How would you test on slow hardware?|Which metric would you track?","android|performance|mobile",How to Discuss Android Performance Improvements,"Prepare a measured answer about diagnosing and improving Android performance.",true
"What makes a Java application easy to maintain?",java-developer-maintainable,Java Developer,Java Developer,MID_LEVEL,MEDIUM,TECHNICAL,"Discuss design and team practices that support maintainability.","The question explores whether you connect code structure with testing and communication.","I favor focused classes, clear boundaries, consistent conventions, useful automated tests, and dependencies that are easy to replace. I also value documentation for decisions that are not obvious from the code.","Clear boundaries|Focused classes|Useful tests|Document important decisions","Listing patterns without context|Ignoring tests|Adding abstraction everywhere","How do you identify a useful abstraction?|How do you handle technical debt?","java|maintainability|design",How to Explain Java Maintainability,"Build a clear interview answer about maintainable Java applications.",true
"When would you use a sealed class in Kotlin?",kotlin-sealed-class,kotlin Developer,Kotlin Developer,FRESHER,EASY,TECHNICAL,"Explain when a closed type hierarchy communicates intent.","This tests Kotlin fundamentals and whether you can choose a language feature for a real modeling need.","I would use a sealed class when the set of meaningful states is known and should be handled exhaustively, such as loading, success, and failure results. It makes the allowed cases visible and helps the compiler check when expressions.","Closed hierarchy|Exhaustive when expression|Model meaningful states|Use a practical example","Using it for every data class|Confusing it with an enum|Failing to explain the trade-off","When would an enum be simpler?|How would you test each state?","kotlin|language|types",When to Use Kotlin Sealed Classes,"Learn how to explain sealed classes with a practical Kotlin example.",true
"How do you investigate a slow Python function?",python-slow-function,Python Developer,Python Developer,MID_LEVEL,MEDIUM,TECHNICAL,"Describe a measured debugging process for slow Python code.","Interviewers assess whether you profile before changing code and understand algorithmic and I/O costs.","I would profile the function with representative data, inspect algorithmic complexity and I/O, then test the highest-impact hypothesis. After changing it, I would benchmark before and after and keep a regression test.","Profile first|Use representative data|Check complexity and I/O|Benchmark changes","Premature optimization|Testing tiny data only|Changing several things at once","How would you investigate memory use?|What belongs in a regression benchmark?","python|debugging|performance",How to Investigate a Slow Python Function,"Use a practical measurement-first process for Python performance questions.",true
"How do you prevent stale data in an asynchronous JavaScript feature?",javascript-prevent-stale-data,JavaScript Developer,JavaScript Developer,MID_LEVEL,MEDIUM,TECHNICAL,"Explain how to handle out-of-order asynchronous responses.","This tests understanding of races, cancellation, and state ownership in browser applications.","I would associate each response with the request that created it and ignore results that are no longer current. Where supported, I would cancel obsolete requests and test responses arriving out of order.","Track request identity|Cancel obsolete work|Keep state ownership clear|Test race conditions","Assuming responses finish in order|Updating state after unmount|Hiding the race in a global flag","How would you handle retries?|When is cancellation unavailable?","javascript|async|browser",How to Prevent Stale JavaScript Data,"Explain a reliable approach to asynchronous JavaScript race conditions.",true
"How do you decide where state belongs in a React application?",react-state-ownership,React Developer,React Developer,MID_LEVEL,MEDIUM,TECHNICAL,"Compare local, shared, and server state decisions.","This reveals whether you can keep state close to its owner and avoid unnecessary global coupling.","I keep state near the component that owns the behavior, lift it to a common parent when siblings need it, and treat server data separately from local UI state. I derive values instead of storing duplicates.","Keep state local|Separate server state|Avoid duplicate derived state|Explain ownership","Putting everything in global state|Duplicating server data|Choosing a library first","How would this change in a large app?|How would you test the state transitions?","react|state|frontend",How to Decide Where State Lives in React,"A practical framework for choosing state ownership in React.",true
"What makes a web form accessible?",web-developer-accessible-form,Web Developer,Web Developer,FRESHER,EASY,TECHNICAL,"Describe the structure and behavior of an accessible form.","This checks semantic HTML, keyboard support, labels, validation, and error communication.","I use real labels and semantic controls, ensure keyboard navigation and visible focus, associate errors with fields, and validate on the server as well as the client. I test with a keyboard and assistive technology where possible.","Use labels|Support keyboard flow|Connect errors to fields|Validate server-side","Using placeholders as labels|Color-only errors|Unclear focus behavior","How would you test a form without a mouse?|How do you announce dynamic errors?","web|accessibility|forms",How to Explain an Accessible Web Form,"Prepare a complete answer about accessible and resilient web forms.",true
"How would you fix a slow SQL query?",sql-slow-query,SQL,SQL,EXPERIENCED,HARD,TECHNICAL,"Walk through evidence-based SQL performance troubleshooting.","The answer should show that you inspect plans and measure changes instead of guessing.","I would inspect the execution plan, check filters and joins, review indexes and data distribution, and look for unnecessary sorting or repeated application queries. I would measure the same workload after each focused change.","Inspect execution plan|Review indexes|Check data distribution|Measure after changes","Adding indexes blindly|Ignoring application behavior|Testing with unrealistic data","What cost can an index introduce?|How would you monitor the fix?","sql|databases|optimization",How to Fix a Slow SQL Query,"A measured approach to diagnosing and improving SQL query performance.",true
"How do you build a useful regression test suite?",qa-regression-suite,QA Tester,QA Tester,MID_LEVEL,MEDIUM,TECHNICAL,"Explain how you prioritize regression coverage.","This tests risk assessment, test maintenance, and feedback speed.","I prioritize critical user journeys, integration boundaries, escaped defects, and areas with high change or business risk. I remove brittle duplication and make ownership clear.","Prioritize critical journeys|Cover boundaries|Learn from escaped defects|Keep tests maintainable","Measuring only test count|Keeping brittle tests|Ignoring production failures","How do you decide what not to automate?|How do you handle flaky tests?","qa|testing|quality",How to Build a Useful QA Regression Suite,"Explain how to balance risk, coverage, maintenance, and feedback speed.",true
"How do you investigate an unexpected metric change?",data-analyst-metric-change,Data Analyst,Data Analyst,MID_LEVEL,MEDIUM,TECHNICAL,"Separate data quality issues from genuine business behavior.","Interviewers want to see careful definitions, segmentation, and evidence before conclusions.","I would confirm the metric definition and pipeline, compare the change across segments and time windows, check for tracking or data quality changes, and then look for operational or external explanations.","Confirm definitions|Check the pipeline|Segment the change|State evidence and limits","Jumping to a cause|Ignoring tracking changes|Reporting a percentage without context","What would you communicate if the cause remains uncertain?|How would you validate the data?","analytics|metrics|investigation",How to Investigate an Unexpected Metric Change,"Use a careful analytical process before explaining a business metric change.",true
"How do you prepare for a sales discovery call?",sales-discovery-call,Sales,Sales,MID_LEVEL,MEDIUM,BEHAVIORAL,"Show how preparation supports listening and useful questions.","The question evaluates research, curiosity, and whether you avoid forcing a generic pitch.","I research the prospect's business and likely priorities, form a few hypotheses, prepare open questions, and define a useful next step. During the call I test assumptions rather than treating them as facts.","Research the business|Prepare hypotheses|Ask open questions|Agree on next step","Delivering a rehearsed pitch|Asking only closed questions|Overpromising","How do you qualify a lead?|What do you do after a weak discovery call?","sales|discovery|communication",How to Prepare for a Sales Discovery Call,"Build a thoughtful discovery-call answer focused on research and listening.",true
"How do you decide whether a marketing campaign worked?",marketing-campaign-measurement,Marketing,Marketing,MID_LEVEL,MEDIUM,CASE_STUDY,"Describe a measurement plan for campaign effectiveness.","This checks whether you connect a campaign objective to appropriate evidence and action.","I define the objective and baseline first, choose leading and lagging measures, state attribution limits, and compare results with the audience and time window in mind. I finish by recommending an action.","Define objective|Choose relevant measures|State attribution limits|Recommend action","Reporting vanity metrics|Changing the goal after launch|Claiming causation without evidence","How would you test a new channel?|What if results are mixed?","marketing|measurement|campaigns",How to Measure Marketing Campaign Results,"Explain a practical and honest framework for evaluating marketing campaigns.",true
"How would you improve an inconsistent hiring process?",human-resources-hiring-process,Human Resources,Human Resources,EXPERIENCED,HARD,BEHAVIORAL,"Discuss fairness, speed, candidate experience, and evidence.","This assesses process design and awareness of consistency and unintended bias.","I would map the current process, define role-specific criteria, train interviewers, standardize decision notes, and review outcomes for delays or inconsistent patterns. I would improve one stage at a time and measure it.","Map the process|Define criteria|Train interviewers|Review outcomes","Changing everything at once|Ignoring candidate experience|Using criteria that are too vague","How would you gain hiring-manager support?|Which process measure matters first?","hr|hiring|process",How to Improve an Inconsistent Hiring Process,"A practical interview answer about fair and consistent hiring processes.",true
"How do you respond when you cannot solve a customer issue immediately?",customer-support-unresolved-issue,Customer Support,Customer Support,MID_LEVEL,MEDIUM,BEHAVIORAL,"Demonstrate ownership and honest communication.","Interviewers want to hear how you protect trust while an issue needs more investigation.","I acknowledge the impact, explain what I know without guessing, state the next action and update time, document the context, and follow through until the customer has a solution or a clear explanation.","Acknowledge impact|Avoid unsupported promises|Set an update time|Close the loop","Passing ownership away|Promising an exact fix|Using unexplained jargon","How do you prioritize several unresolved cases?|What should be documented?","support|service|communication",How to Handle an Unresolved Customer Issue,"Show ownership and clarity when a customer problem cannot be solved immediately.",true
"How do you protect accuracy during a busy accounting close?",accountant-accurate-close,Accountant,Accountant,EXPERIENCED,HARD,TECHNICAL,"Explain controls that protect accuracy under deadline pressure.","This assesses process discipline, review judgment, and willingness to escalate anomalies.","I use a close checklist, reconcile important balances, apply review thresholds, preserve an audit trail, and escalate unusual items early. I prioritize material risk rather than treating every task as identical.","Use reconciliations|Apply review thresholds|Keep an audit trail|Escalate anomalies","Skipping controls under pressure|Poor documentation|Treating all risks equally","How do you handle a late adjustment?|Which reconciliation would you prioritize?","accounting|close|accuracy",How to Protect Accuracy During an Accounting Close,"Prepare a structured answer about accurate accounting work under deadlines.",true
"How do you evaluate risk in a banking decision?",banking-risk-evaluation,Banking,Banking,EXPERIENCED,HARD,TECHNICAL,"Balance policy, evidence, customer needs, and escalation.","The question tests judgment in a regulated environment where documentation matters.","I verify the relevant information, apply policy consistently, document the reasoning, and escalate material uncertainty. I would not bypass a control simply to make a decision faster.","Verify information|Apply policy consistently|Document reasoning|Escalate uncertainty","Treating policy as optional|Making unsupported assumptions|Failing to document","How do you handle conflicting information?|When should a decision be escalated?","banking|risk|compliance",How to Explain Risk Evaluation in Banking,"A careful framework for discussing risk and policy in banking interviews.",true
"How would you explain a forecast variance to a non-finance partner?",finance-forecast-variance,Finance,Finance,MID_LEVEL,MEDIUM,CASE_STUDY,"Turn a financial variance into a useful decision conversation.","This tests clarity, business judgment, and the ability to separate causes.","I would start with the headline, separate volume, price, mix, and timing effects, explain the business implication, and recommend the next action. I would avoid hiding uncertainty behind jargon.","Lead with the headline|Separate variance drivers|Explain implications|Recommend action","Showing only a number|Using finance jargon|Offering no action","How would you validate the forecast?|What if the variance is timing-related?","finance|forecasting|communication",How to Explain a Forecast Variance,"Learn to explain financial forecast variances clearly to non-finance partners.",true
"How should a fresher prepare a project story?",fresher-project-story,Fresher,Fresher,FRESHER,EASY,BEHAVIORAL,"Explain a project clearly even without extensive professional experience.","Interviewers assess ownership, learning, and reflection rather than job seniority alone.","I would describe the problem, my specific contribution, one challenge, the result, and what I learned. I would be honest about team contributions and avoid claiming ownership of work I did not do.","Describe the problem|Name your contribution|Explain a challenge|Reflect on learning","Giving only a technology list|Claiming team work as personal work|Skipping the result","What would you improve now?|How did you divide the work?","fresher|projects|behavioral",How Freshers Can Explain a Project,"A simple structure for freshers to discuss projects with confidence and honesty.",true
"How would you contribute during your first month as an intern?",internship-first-month,Internship,Internship,INTERNSHIP,EASY,BEHAVIORAL,"Show useful initiative while learning a new team and role.","This assesses curiosity, reliability, and awareness of how to ask for help.","I would learn the team's goals and working agreements, set up the tools, ask focused questions, complete a small well-defined task, and share progress regularly. I would use feedback to improve quickly.","Learn team goals|Ask focused questions|Ship a small task|Share progress","Trying to change everything immediately|Waiting passively|Hiding blockers","How would you respond to unclear instructions?|What would success look like?","internship|onboarding|learning",How to Discuss Your First Month as an Intern,"Prepare a grounded answer about contributing during an internship first month.",true
"How do you answer why you want this role?",hr-role-motivation,HR,HR,FRESHER,EASY,HR,"Connect your motivation to the actual role and evidence of fit.","This question tests whether your interest is specific and considered rather than generic enthusiasm.","I would connect the team's work and the role's responsibilities to experiences I have enjoyed and skills I have developed. I would explain what I can contribute now and what I hope to learn next.","Be specific to the role|Use evidence|Explain contribution|Mention learning","Using generic praise|Talking only about salary|Claiming perfect fit","What do you know about the team's work?|Which skill are you developing?","hr|motivation|fit",How to Answer Why You Want This Role,"Build a specific and credible answer about motivation and role fit.",true
"Tell me about a time you received difficult feedback.",behavioral-difficult-feedback,Behavioral,Behavioral,MID_LEVEL,MEDIUM,BEHAVIORAL,"Use a specific story to show reflection and changed behavior.","Interviewers want evidence that you can hear feedback without becoming defensive and turn it into action.","I would briefly explain the context, the feedback, my initial response, and the change I made. I would finish with evidence that the new behavior improved the work or collaboration.","Give a specific context|Describe your response|Show the change|End with evidence","Blaming the giver|Calling a fake weakness a weakness|Skipping the outcome","How did you follow up?|What feedback would you seek now?","behavioral|feedback|reflection",How to Answer a Difficult Feedback Question,"Use a clear story structure to discuss feedback and personal growth.",true
"What would you do if two urgent stakeholders needed your time?",situational-competing-priorities,Situational,Situational,MID_LEVEL,MEDIUM,SITUATIONAL,"Explain how you make competing priorities visible and fair.","This assesses prioritization, communication, and willingness to negotiate trade-offs.","I would clarify impact, deadlines, dependencies, and the cost of delay. I would communicate the conflict, propose an order or options, confirm the priority with the right decision-maker, and keep both stakeholders updated.","Clarify impact|Compare deadlines|Communicate options|Follow through","Choosing based on who asks loudest|Going silent|Making an invisible trade-off","What if both deadlines are fixed?|How do you communicate a delay?","situational|prioritization|stakeholders",How to Answer a Competing Priorities Question,"Explain a calm, transparent approach to competing urgent requests.",true
